Fold,Run ID,Final Model,Best Loss,Loss,Accuracy,F1,Num Classes,Input Size,Hidden Size,Num Layers,Output Size,Num Epochs,Learning Rate
0,20240629211126_28ea3c8f,0,1.9650543212890625,1.9650543212890625,0.2222222222222222,0.15828251276711786,9,12,100,2,1,100,0.000179
1,20240629211126_28ea3c8f,0,1.9112262725830078,1.9112262725830078,0.4222222222222222,0.3288316105600684,9,12,100,2,1,100,0.000179
Average,20240629211126_28ea3c8f,0,1.938140296936035,1.938140296936035,0.3222222222222222,0.24355706166359312,9,12,100,2,1,100,0.000179
0,20240629211126_28ea3c8f,1,1.2439329491721258,1.2439329491721258,0.6,0.5657084263615599,9,12,100,2,1,100,0.000179
0,20240629211126_28ea3c8f,1,1.2132131920920477,1.86460604402754,0.5162162162162163,0.43211410875348005,9,12,100,2,1,100,0.000179
0,20240629211510_ff980895,0,2.0147600889205934,2.0147600889205934,0.21481481481481482,0.13439185874434917,9,12,100,2,1,100,0.000179
1,20240629211510_ff980895,0,2.0642966985702516,2.0642966985702516,0.25925925925925924,0.12458313632781717,9,12,100,2,1,100,0.000179
Average,20240629211510_ff980895,0,2.0395283937454227,2.0395283937454227,0.23703703703703705,0.12948749753608318,9,12,100,2,1,100,0.000179
